company,bigramArray
Maybank,"[('corporate governance', 8.58200487944822), ('sustainability plan', 7.095949631689888), ('sustainable finance', 6.815312560117863), ('environmental impact', 5.100277394888347), ('sustainable business', 4.652507732443923), ('environmental social', 4.465017606062472), ('long term', 4.344210678428068), ('palm oil', 4.175404629535405), ('bln sustainable', 3.686160108878999), ('materiality assessment', 3.647987397922008)]"
UOB,"[('sustainable development', 5.565030948485356), ('corporate responsibility', 4.062334611725051), ('uphold corporate', 4.062334611725051), ('drive growth', 3.9033319003212763), ('growth sustainably', 3.9033319003212763), ('covid respond', 3.8744459806810356), ('customer centre', 3.821773492334848), ('develop professionals', 3.7839591631932747), ('professionals principle', 3.7839591631932747), ('climate relate', 3.7736153534905172)]"
AIIB,"[('environmental social', 4.082926629800166), ('sustainable development', 2.424768981052451), ('low carbon', 1.4764756518003326), ('sector strategy', 1.1764718865459503), ('screen determine', 1.1294072644593798), ('paris agreement', 1.0596486773412912), ('thematic priority', 1.008869611122211), ('corporate scorecard', 0.935132332722001), ('support member', 0.9132533718083814), ('development outcome', 0.8774805422232936)]"
BRI,"[('sustainable finance', 8.270661231939997), ('environmentally friendly', 3.8241218112172097), ('environmental social', 3.5327483099929635), ('social environmental', 3.383431418960017), ('sustainable development', 3.0688077130081575), ('material topic', 2.9868756226556563), ('action plan', 2.9685543185059022), ('ghg emission', 2.741870740315042), ('work unit', 2.6336896805001855), ('business activity', 2.567327527849076)]"
CHBank,"[('environmental protection', 1.5039131649296846), ('plastic seal', 1.4678465166981152), ('seal security', 1.4678465166981152), ('security seal', 1.4678465166981152), ('supply chain', 1.360621115096593), ('hazardous waste', 1.3089187252409726), ('esg issue', 1.2566977432791813), ('environmental social', 1.2528395575272084), ('sustainable development', 1.2326358987072665), ('toner cartridge', 1.0616903974611234)]"
Mizuho,"[('energy consumption', 1.8645201199734056), ('activity environment_', 1.8088649675494426), ('business activity', 1.798545907685468), ('sustainability business', 1.798545907685468), ('research institute', 1.576518615209792), ('governance governance', 1.414213562373095), ('governance greport', 1.414213562373095), ('information research', 1.3481359231428354), ('securities information', 1.2682042599268808), ('emission factor', 1.1627503244461814)]"
CMB,"[('inclusive finance', 3.4232782127979253), ('energy conservation', 2.4824761661335737), ('energy consumption', 2.480676569774305), ('eco friendly', 2.470210130354312), ('green finance', 2.3790179212756786), ('environmental protection', 2.281470488915603), ('social responsibility', 2.2175815246514476), ('gas emission', 2.0344352510935186), ('greenhouse gas', 2.0344352510935186), ('sustainable development', 1.9740574816522958)]"
SBI,"[('stakeholder engagement', 2.803806885238225), ('materiality assessment', 2.331290931489344), ('govern responsibly', 2.2645541074589373), ('engagement materiality', 2.2512917907025733), ('material topic', 2.116303922791245), ('assessment human', 2.0818645889657414), ('human social', 2.0818645889657414), ('relationship natural', 2.0818645889657414), ('responsibly stakeholder', 2.0818645889657414), ('social relationship', 2.0769873936171956)]"
Dahsing,"[('energy consumption', 1.1063443015569574), ('greenhouse gas', 0.7308871316554537), ('waste produce', 0.719485020751758), ('water consumption', 0.6857917286415869), ('hazardous waste', 0.6112190931654408), ('corporate governance', 0.5773502691896257), ('gas emission', 0.5503919588679578), ('community environment', 0.5429349213578354), ('marketplace workplace', 0.5429349213578354), ('workplace community', 0.5429349213578354)]"
Hana,"[('human right', 3.51944599797839), ('carbon emission', 2.452872499675592), ('carbon neutrality', 2.266585446722383), ('esg strategy', 1.9604159670081205), ('ghg emission', 1.955999124746441), ('eco friendly', 1.9138918332509416), ('low carbon', 1.8097192709225545), ('carbon economy', 1.7898161017692482), ('long term', 1.6616067209837078), ('mid long', 1.5719907125430514)]"
Krungthai,"[('corporate governance', 14.500989712504257), ('sustainable development', 7.169413748993084), ('social responsibility', 6.833850279080955), ('energy conservation', 6.656954414519238), ('social environmental', 5.416369232826331), ('governance social', 4.893872542831275), ('responsibility committee', 4.758557659709553), ('light bulb', 4.691752796241493), ('social dimension', 4.365219159675383), ('society environment', 4.310220093783714)]"
Danamon,"[('sustainable finance', 6.21374348583742), ('environmental social', 3.3709951486355076), ('implement sustainable', 3.023058865253422), ('sustainable development', 2.016763062036844), ('social risk', 1.9646513973007098), ('negative impact', 1.788207948090734), ('support sustainable', 1.7411180460840638), ('topik material', 1.6577741908920058), ('manajemen risiko', 1.6387260785704287), ('social responsibility', 1.591090855679325)]"
CIMB,"[('environmental social', 14.544089312193234), ('sustainable development', 13.248232202100267), ('positive impact', 12.220059277588412), ('berhad sustainability', 11.061313234969916), ('long term', 10.645465025465095), ('material topic', 9.947444968182904), ('sustainable finance', 9.654588333540582), ('ghg emission', 9.375309381794025), ('economic environmental', 9.302656920136773), ('social impact', 7.78005205054069)]"
BangkokBank,"[('materiality issue', 3.5945759570046785), ('social governance', 3.021663728164987), ('sustainable development', 2.9691049126001285), ('environmental social', 2.802881935644895), ('ghg emission', 2.662526235319926), ('supply chain', 2.531472414876775), ('corporate governance', 2.100704050144894), ('rama building', 2.0114632210286536), ('long term', 1.9446180683358438), ('energy conservation', 1.9322639817773328)]"
BEA,"[('esg highlights', 4.825978094519789), ('approach sustainability', 4.822640687631485), ('commitments performance', 4.530024279814919), ('highlights approach', 4.530024279814919), ('sustainability commitments', 4.530024279814919), ('environmental performance', 4.259509967176768), ('performance appendice', 3.7795264043390104), ('enhance environmental', 3.53399673051962), ('business responsibly', 3.342064570453506), ('grow business', 3.342064570453506)]"
HSBCBank,"[('covid outbreak', 7.277761385766539), ('sustainable finance', 6.500032884038968), ('corporate governance', 6.1417779646008315), ('climate ambition', 4.82419832208691), ('support customer', 4.726244886376019), ('carbon emission', 4.412234161657835), ('low carbon', 4.045756912702352), ('paris agreement', 3.9476647819774637), ('customer transition', 3.538782126552829), ('long term', 3.390085673642563)]"
CITICBank,"[('sustainable development', 3.2193678411690945), ('environmental social', 2.609132215449523), ('social responsibility', 2.5955336199516577), ('energy consumption', 1.9980179925141814), ('environmental protection', 1.8236344995285494), ('corporate culture', 1.7859576538721509), ('green finance', 1.5966322838148406), ('greenhouse gas', 1.5343715816518522), ('water conservancy', 1.4143136353246402), ('social governance', 1.3119738885316767)]"
OCBC,"[('sustainable development', 6.363598295545093), ('esg factor', 4.749085887437676), ('material esg', 4.188027403092657), ('sustainable finance', 4.157098504490327), ('responsible sustainable', 3.625001600566001), ('sustainable financing', 3.483666826322205), ('sustainability framework', 3.083374482098055), ('long term', 2.9207436458280878), ('environmental social', 2.507608832001579), ('environmental footprint', 2.462369950859527)]"
RHB,"[('material matter', 9.503076858769209), ('refer integrated', 7.907544753110294), ('corporate governance', 7.623267071237429), ('approach component', 7.153025988723979), ('sustainability refer', 7.00247843627659), ('sustainable development', 6.750281794399487), ('material topic', 6.067516247243087), ('low carbon', 5.6653887087577335), ('sustainability framework', 5.657563707744679), ('ghg emission', 5.631079961207061)]"
BDO,"[('sustainable development', 6.955737495859831), ('energy generation', 6.63959720825185), ('sustainable finance', 6.306271044646985), ('ghg avoidance', 5.249433156508255), ('renewable energy', 5.051002848613758), ('corporate governance', 5.030540209186282), ('power plant', 4.950795426264267), ('environmental social', 4.450335010712582), ('generation mwh', 4.051152943246427), ('development goals', 3.8923437173006765)]"
CCB,"[('green finance', 2.8264688178275783), ('energy conservation', 2.4061963659645884), ('energy consumption', 2.252860637279467), ('energy save', 2.1972534653430484), ('green development', 2.1140458628126795), ('low carbon', 1.771445906226588), ('industry chain', 1.5955985305285914), ('inclusive finance', 1.5239439252451457), ('environmental social', 1.523927688572536), ('ansteel energy', 1.4217999979837785)]"
SCB,"[('sustainable finance', 22.36997198154852), ('social impact', 22.2903879743693), ('finance create', 22.27452922734997), ('impact better', 22.267182482531894), ('create social', 22.246431954584697), ('better environmental', 22.23445468518974), ('environmental strengthened', 22.114100286508524), ('foundation factbook', 22.114100286508524), ('strengthened foundation', 22.088908500872552), ('sustainable sustainable', 21.420854117696177)]"
MUFG,"[('environmental social', 12.01618765020804), ('social issue', 7.349956102053779), ('renewable energy', 6.179941894146272), ('strategies performance', 5.849819489966502), ('leadership governance', 4.332381781168469), ('pursuit creation', 4.127688551043425), ('data corporate', 3.9591730764447166), ('creation strategies', 3.911455459533761), ('governance data', 3.911455459533761), ('introduction pursuit', 3.911455459533761)]"
BOC,"[('green finance', 2.0871280358408857), ('corporate governance', 2.0231714021803504), ('high quality', 1.4864869075147022), ('quality development', 1.4864869075147022), ('support development', 1.478738158109079), ('inclusive finance', 1.461522658234471), ('social responsibility', 1.45928147675717), ('corporate culture', 1.304949423176517), ('corporate social', 1.3024570060348226), ('poverty alleviation', 1.1950739773219468)]"
HLB,"[('sustainability approach', 2.957137856891886), ('environmental social', 2.9197468184642927), ('socially responsible', 2.9085103480346666), ('responsible business', 2.2516305648507755), ('material topic', 2.1956299488931514), ('environmental footprint', 2.1373829321956004), ('corporate governance', 2.083581881289188), ('renewable energy', 2.06022654581561), ('impact sustainability', 1.8662778887437466), ('gap current', 1.8576056551408926)]"
DBS,"[('food waste', 3.6390775937923774), ('social enterprise', 3.428587027175137), ('renewable energy', 3.396987478651266), ('scope emission', 2.7252914527941563), ('responsible financing', 2.339711097599131), ('esg matter', 2.293133199448188), ('supply chain', 2.1890830979878357), ('carbon emission', 2.0447147461558615), ('material matter', 1.9458752080547987), ('environmental footprint', 1.89599342953089)]"
BNI,"[('sustainable finance', 10.830640727746857), ('sustainable development', 6.2359242106070525), ('corporate governance', 5.811023037935103), ('environmental social', 4.161827715859053), ('palm oil', 4.012778379915322), ('renewable energy', 3.9406921815785907), ('good corporate', 3.891383544235977), ('environmentally friendly', 3.6708233635176155), ('social environmental', 3.1306573092686913), ('human resource', 3.0674409141703616)]"
PSBC,"[('social responsibility', 6.166187475882058), ('environmental social', 5.498163790694413), ('social governance', 5.27581918218341), ('corporate social', 5.129555516343744), ('responsibility environmental', 5.01746265283156), ('green finance', 3.2254444824804938), ('poverty alleviation', 2.8055505765446145), ('water consumption', 2.021906455334472), ('environmental protection', 1.9980093989555365), ('yangtze delta', 1.844939189009528)]"
Mandiri,"[('sustainable finance', 9.565966115394074), ('action plan', 5.616797819215422), ('implementation sustainable', 3.887025807766264), ('material topics', 2.653860643050622), ('palm oil', 2.4874196256235037), ('sustainable development', 2.438651021915697), ('social responsibility', 2.3439410687123434), ('environmental social', 2.3265664662386323), ('poso energy', 2.2401687537810133), ('sustainability action', 2.1793117229203567)]"
CitiBank,"[('pacific esg', 3.1671044543537765), ('sustainability journey', 3.1170205253116823), ('esg survey', 3.0536099570658903), ('survey findings', 3.0536099570658903), ('view pacific', 3.0536099570658903), ('support sustainable', 3.0290569933582994), ('issuer view', 2.9687179207520575), ('findings zero', 2.9470004667720886), ('journey support', 2.9470004667720886), ('letter pacific', 2.9470004667720886)]"
ICBC,"[('social responsibility', 3.6942413554527733), ('green finance', 2.7287199586999598), ('environmental protection', 2.2863897817121193), ('energy saving', 2.083305355416706), ('energy consumption', 1.6084597735331614), ('corporate social', 1.4986500897979202), ('reporting period', 1.4049105227146947), ('sustainable development', 1.3623373446983191), ('poverty alleviation', 1.2927554850394039), ('power generation', 1.1942620497162717)]"
Shinhan,"[('environmental social', 5.361622600645576), ('social governance', 4.534378896130728), ('human right', 4.40081320404815), ('esg way', 4.380347237503651), ('business introduction', 3.446477125674023), ('governance initiative', 3.4000690901278676), ('introduction esg', 3.4000690901278676), ('way environmental', 3.4000690901278676), ('initiative appendix', 3.3941708784866855), ('right issue', 2.837753741466465)]"
Edward,"[('support good', 6.049406866021478), ('influence society', 5.994915656116302), ('positive influence', 5.994915656116302), ('good causes', 5.890397949008907), ('responsible support', 5.825740537119834), ('environmentally responsible', 5.8245512465739635), ('glance positive', 5.766475740379792), ('society environmentally', 5.766475740379792), ('deeplyinvested glance', 5.406588337519633), ('total waste', 3.0703493130003237)]"
ABERDEEN,"[('corporate sustainability', 11.354144999044923), ('sustainability corporate', 5.446188489959959), ('single use', 4.518473527737654), ('use plastic', 4.518473527737654), ('renewable electricity', 3.8380480475979604), ('energy use', 3.5396294794905434), ('carbon neutral', 3.435229172664235), ('low carbon', 3.362339999580291), ('unlocking solution', 3.0603837842671777), ('reduce energy', 3.056813248139961)]"
JPMORGAN,"[('environmental social', 8.67217691419064), ('social governance', 6.498193884358191), ('low carbon', 4.30055338011911), ('renewable energy', 4.270002113345525), ('sustainable development', 3.769471797574042), ('advance sustainability', 3.4833506658950943), ('support community', 3.2665612001209543), ('sound governance', 3.15886673867223), ('paris agreement', 3.106838774709639), ('promote sound', 3.027216569809916)]"
Pinebridge,"[('esg issue', 2.028536982360399), ('environmental social', 1.759659688438651), ('climate relate', 1.6892725775606747), ('corporate responsibility', 1.4550729982216242), ('corporate non', 1.4030679360916463), ('social governance', 1.3754094635979468), ('engagement activity', 1.290785467455836), ('good practice', 1.2761520574844285), ('gain understanding', 1.2329000989353407), ('internal staff', 1.0631898840676035)]"
Morgan,"[('sustainable investing', 12.146098254749667), ('environmental social', 8.546727135359792), ('plastic waste', 6.708436564184946), ('low carbon', 5.092927173775371), ('social risk', 4.667608459837483), ('sustainable finance', 4.612047203125326), ('community development', 4.4413975294166725), ('climate risk', 4.358354941393855), ('development finance', 4.016404637859114), ('institute sustainable', 3.2467537288153885)]"
Ashmore,"[('civil society', 2.5634451600251937), ('society organisation', 2.4212460131198883), ('emerging markets', 2.324922053160795), ('corporate responsibility', 2.322023521689534), ('corporate social', 1.9360976412842976), ('social responsibility', 1.9360976412842976), ('sustainable development', 1.803829344886833), ('corporate governance', 1.6485315794409454), ('human right', 1.5952905355393205), ('right slavery', 1.5818724096669001)]"
HANGSENG,"[('corporate governance', 20.32618396513368), ('environmental social', 9.152405634833693), ('business performance', 8.774349462742197), ('performance corporate', 8.742729111570627), ('community verification', 8.685272959372938), ('verification contact', 8.653415779750631), ('corporate sustainability', 8.355588512408962), ('environmental performance', 8.306445695124538), ('environment community', 8.177718149633943), ('customer suppliers', 8.10277189805505)]"
Sinopac,"[('social responsibility', 44.94324347163573), ('corporate social', 44.17531312368294), ('material topics', 23.697806003645436), ('trustworthy governance', 21.958360078001075), ('fulfillment trustworthy', 21.789815507864734), ('healthy workplace', 21.444413722987232), ('fulfillment innovative', 21.156641620628598), ('inclusive growth', 20.99949214366292), ('stakeholders material', 20.813721817623875), ('fulfillment healthy', 20.684914762256437)]"
CAPITAL,"[('esg issue', 0.6058061855086527), ('fix income', 0.6030226891555273), ('australia material', 0.5773502691896258), ('issue afsl', 0.5773502691896258), ('material issue', 0.5773502691896258), ('esg risk', 0.49255494413879125), ('risk opportunity', 0.49255494413879125), ('long term', 0.4754765040987251), ('investing approach', 0.4579850324481191), ('build support', 0.447213595499958)]"
AVIVA,"[('responsible review', 4.0104295462604), ('long term', 3.3467574808683422), ('case study', 3.2805373425684374), ('low carbon', 2.521180108207671), ('paris agreement', 2.288114043035124), ('start achieved', 2.170712503229294), ('zero emission', 1.9800251090547523), ('climate finance', 1.978019265091439), ('environmental social', 1.881460967243396), ('sustainable outcome', 1.8452808615234026)]"
Legal&General,"[('low carbon', 3.7228723337440877), ('inclusive capitalism', 3.186218343374897), ('supply chain', 2.9123087042773306), ('clean energy', 2.8296289459500232), ('carbon emission', 2.7728053113076077), ('journey zero', 2.760082432295531), ('climate risk', 2.7177753456076537), ('long term', 2.4984931075708277), ('sustainability topic', 2.252977101295282), ('balance sheet', 1.9051732316931949)]"
GAM,"[('corporate governance', 2.4159669664976056), ('engagement promotion', 1.498821748371634), ('practice element', 1.498821748371634), ('voting engagement', 1.498821748371634), ('long term', 1.293572333479263), ('engagement activity', 1.2874170808666732), ('active voting', 1.2575502449575038), ('good practice', 1.2575502449575038), ('promotion good', 1.2575502449575038), ('esg factor', 1.036879713896383)]"
Muzinich,"[('environmental social', 1.193603984157394), ('negative impact', 1.0345805273414739), ('sustainable responsible', 0.8909299803575235), ('thermal coal', 0.8828962629419232), ('esg factor', 0.8704821701211164), ('esg disclosure', 0.7796611113196277), ('esg issue', 0.7339363750513653), ('social governance', 0.6772928401868236), ('long term', 0.6527319031287085), ('engagement activity', 0.6075110849129715)]"
VP,"[('environmental social', 2.9025015676584442), ('social governance', 2.701692592699392), ('disclosure statement', 2.435399529872728), ('corporate governance', 1.9366672260882931), ('statement disclosure', 1.8686350392223712), ('ghg emission', 1.7016104919202217), ('disclosure kpi', 1.6564803189132853), ('environmental resources', 1.5162970290472488), ('estimate quantity', 1.511857892036909), ('exercise judgement', 1.511857892036909)]"
TIAA,"[('affordable housing', 2.1911080160644554), ('social responsibility', 1.9805894161030044), ('environmental impact', 1.64064263842964), ('corporate social', 1.5634511591037503), ('operate responsibly', 1.5388206168614886), ('responsible business', 1.5236357504383562), ('impact investing', 1.5162464031946903), ('good practice', 1.3482227231193287), ('long term', 1.347219404120637), ('responsible investing', 1.2644417102893803)]"
EFUND,"[('environmental social', 2.0146735514277485), ('corporate governance', 1.8527282475096605), ('engagement activity', 1.4588368167382035), ('esg issue', 1.3808204927729772), ('indicate organisation', 1.2284086259283966), ('information disclosure', 1.2082824684066866), ('internal staff', 1.1352043066217608), ('principle cover', 1.1094003924504583), ('environmental information', 1.095207736191812), ('corporate corporate', 1.0403805886364093)]"
TCW,"[('capacity limit', 0.5), ('exposure sector', 0.5), ('limit exposure', 0.5), ('sector preference', 0.5), ('esg factor', 0.4048872726750651), ('committee individual', 0.3162277660168379), ('esg active', 0.3162277660168379), ('evaluate good', 0.3162277660168379), ('good practice', 0.3162277660168379), ('individual portfolio', 0.3162277660168379)]"
UBS,"[('environmental social', 16.513239782908126), ('sustainable finance', 11.819508870982752), ('low carbon', 10.4324067732544), ('ghg emission', 9.929979433847395), ('social risk', 8.765697088740946), ('climate relate', 8.30966506624099), ('carbon economy', 7.937451465698189), ('material topic', 7.644388457351281), ('sustainable development', 7.600940082696121), ('human right', 7.499854221554333)]"
PIMCO,"[('green bond', 2.1110868354669674), ('climate risk', 1.8639802231767175), ('carbon emission', 1.7936172554258576), ('carbon intensity', 1.6642155937267642), ('long term', 1.5561239706581926), ('paris agreement', 1.4377994153563842), ('sustainable development', 1.324809465801281), ('emission reduction', 1.2928770057960466), ('greenhouse gas', 1.2000153648504475), ('set ambitious', 1.169097834887478)]"
FIDELITY,"[('low carbon', 3.2070412796054626), ('collaborative engagement', 1.9534939079530438), ('carbon transition', 1.5462902647908816), ('emission reduction', 1.521432093392486), ('greenhouse gas', 1.5178369722822682), ('climate action', 1.5041277385965601), ('carbon emission', 1.4618064859054616), ('long term', 1.3845516535803215), ('link pay', 1.3704421361044867), ('esg credential', 1.3121286083401944)]"
Neuberger,"[('environmental social', 1.70386641446901), ('climate risk', 1.2675678248387983), ('development goals', 1.2625458752460512), ('sustainable development', 1.2625458752460512), ('power generation', 1.2557886746639868), ('social governance', 1.1524514247536237), ('social environmental', 1.0674595336859463), ('environmental outcome', 1.0601959491946926), ('thermal coal', 1.0270615998983987), ('positive social', 1.0247273909224506)]"
EVERBRIGHT,"[('ghg emission', 1.70953894759845), ('environmental protection', 1.3745644412165632), ('greenhouse gas', 1.3319927134043306), ('environmental social', 1.258615841055848), ('social governance', 1.094455881050922), ('environment natural', 0.8586250181662689), ('supply chain', 0.8576091609079375), ('environment description', 0.8431366351554415), ('shanghai shenzhen', 0.8344487212293179), ('emission scope', 0.8252397633808128)]"
Schroders,"[('active ownership', 1.8035757747757482), ('sustainable development', 1.7483447817599838), ('positive negative', 1.7229021152344175), ('case study', 1.6968501346310356), ('risk opportunity', 1.5884324193351662), ('good practice', 1.5830229406467227), ('corporate governance', 1.5646618360602385), ('environmental social', 1.4825459871412547), ('social environmental', 1.433432711744471), ('development goals', 1.4174317012849735)]"
ALLIANZ,"[('strategy governance', 7.686268977638018), ('sustainability strategy', 7.57345613264512), ('sustainable invest', 7.259467536745766), ('business operation', 7.172068476947232), ('sustainable business', 7.08795157886785), ('governance sustainable', 7.066351383503045), ('invest sustainable', 6.584865132990017), ('introduction sustainability', 5.806769071965149), ('context sustainability', 2.6792118953099133), ('sustainable investing', 2.4906939730136224)]"
BOCHK,"[('governance sustainability', 27.7717903106866), ('business development', 24.28554268155408), ('economic contributions', 23.306598163879016), ('esg guide', 18.897001667546405), ('hkex esg', 18.82905674149082), ('environmental protection', 17.8617822001871), ('nations sdg', 15.973780770812047), ('overview sustainability', 15.745477434853997), ('verification statement', 15.525214917714646), ('contributions community', 15.357681881704359)]"
CMBC,"[('energy consumption', 6.8188162956067995), ('environmental social', 6.2102124623482675), ('environmental protection', 5.666085780804654), ('greenhouse gas', 4.917376033733347), ('energy conservation', 4.39491315621716), ('gas emission', 4.322773411851725), ('social governance', 3.6798355388078408), ('inclusive finance', 3.6612885526436894), ('sustainable development', 3.5514375887134984), ('environmental responsibility', 3.547760170349746)]"
BlackRock,"[('climate risk', 5.088822363618226), ('climate relate', 4.88215778245177), ('renewable energy', 4.71433993419365), ('long term', 4.346906140759297), ('sustainability disclosure', 4.186502778439171), ('human right', 3.8938977592346338), ('bis approach', 3.770466051258815), ('low carbon', 3.3618950124745015), ('corporate governance', 3.248785173555717), ('ghg emission', 3.162345376480545)]"
Manulife,"[('sustainable investing', 8.593645304957667), ('environment climate', 8.0941676499611), ('sustainability strategy', 7.224102215341714), ('investing environment', 6.838376081888003), ('strategy overview', 6.836559186281579), ('governance customers', 6.8247731777899405), ('customers sustainable', 6.757051450833083), ('climate communities', 6.754632418865366), ('overview governance', 6.642857301229573), ('communities pas', 6.640502477756212)]"
PICTET,"[('environmental social', 2.8413348650079717), ('paris agreement', 1.5823545828275967), ('social issue', 1.4594917558709721), ('corporate governance', 1.4005670512642352), ('long term', 1.3227534470477778), ('low carbon', 1.1979076955790786), ('climate action', 1.1375409283960227), ('social governance', 1.1345860295267478), ('human right', 0.9623297139620971), ('initiative sustainable', 0.8364691009876126)]"
BOA,"[('health crisis', 2.025505706280956), ('economic opportunity', 1.9200869204166078), ('equality economic', 1.9200869204166078), ('racial equality', 1.9200869204166078), ('affordable housing', 1.8782548644946988), ('greenhouse gas', 1.8559338699392514), ('sustainable finance', 1.8063435046547194), ('gas emission', 1.7250223657464279), ('performance indicator', 1.6683399131804082), ('environmental social', 1.6389537710027378)]"
Ameriprise,"[('community impact', 4.332825842279777), ('environmental steward', 4.128035279473139), ('drive responsible', 3.62095623529414), ('governance environmental', 3.62095623529414), ('responsible governance', 3.62095623529414), ('steward community', 3.62095623529414), ('values drive', 2.7580567794221214), ('long term', 2.0522777700498422), ('public transportation', 1.9787539623568375), ('electronic delivery', 1.8842241018510377)]"
TROWEPRICE,"[('climate relate', 3.1036199092991636), ('risk opportunity', 2.446911904633613), ('relate risk', 1.705703978167417), ('scope emission', 1.6784078899112063), ('scope emissions', 1.571560499562084), ('force climate', 1.4077729271180055), ('task force', 1.4077729271180055), ('resolve ach', 1.3989063748374895), ('disclosures tcfd', 1.2346215908897602), ('energy efficiency', 1.2293794418280044)]"
1STSTATE,"[('fossil fuel', 2.1990969854805296), ('climate risk', 1.979169582241326), ('esg issue', 1.7773734191287816), ('sustainable development', 1.7200856418653234), ('supply chain', 1.6369175835703957), ('carbon footprint', 1.5998210831255424), ('sustainable finance', 1.5813013919165197), ('development goals', 1.5748304272220743), ('environmental social', 1.4657190593952267), ('long term', 1.3447278068652746)]"
Aegon,"[('corporate governance', 10.163998556116264), ('clean energy', 8.825836087568575), ('long term', 8.4071037134203), ('sustainable development', 7.6613390802423655), ('environmental social', 7.319350691502612), ('renewable energy', 5.754961810939021), ('development goals', 5.388063941159586), ('energy transition', 5.311965511041487), ('material topic', 4.383548896796506), ('climate relate', 4.180990215411978)]"
CreditSuisse,"[('paris agreement', 3.544370283781668), ('energy transition', 3.3816960179442392), ('low carbon', 3.3684530592464705), ('sustainable development', 2.9873475231258118), ('fossil fuel', 2.812776529823703), ('environmental social', 2.7795263733893014), ('climate relate', 2.710894699194929), ('sustainability risk', 2.6421858257133435), ('climate risk', 2.5726965357646954), ('long term', 2.468899849913309)]"
Harbor,"[('corporate issuer', 0.7993541697719774), ('analysis important', 0.6273960879995184), ('component analysis', 0.6273960879995184), ('engagement issuer', 0.6273960879995184), ('important aspect', 0.6273960879995184), ('important component', 0.6273960879995184), ('issuer policymaker', 0.6273960879995184), ('policymaker important', 0.6273960879995184), ('environmental issue', 0.6064893134916673), ('engagement activity', 0.6048900391387885)]"
Vanguard,"[('paris agreement', 2.1826172899653176), ('corporate governance', 1.7644496898778035), ('scope emission', 1.5757781515902805), ('long term', 1.5542051378115411), ('climate relate', 1.3637688141660003), ('shareholder proposal', 1.3189119255778368), ('align paris', 1.0794839260660811), ('governance practice', 1.0560401296429824), ('amend article', 0.9690025508020037), ('good practice', 0.9395844148472727)]"
Barings,"[('environmental impact', 1.2178348189364185), ('business operation', 1.1504412270791278), ('business activity', 1.1402328564514022), ('environmental social', 1.1364182177776498), ('nations compact', 1.0450269116008388), ('community world', 1.0397013623953995), ('sustainability business', 1.013176190886326), ('social governance', 0.904174652071607), ('esg topic', 0.8786819604142053), ('long term', 0.867424904047989)]"
BOCOM,"[('sustainable development', 2.895359093334639), ('greenhouse gas', 2.6451480280881547), ('gas emission', 2.560970407253302), ('hazardous waste', 1.8651174312767256), ('reporting period', 1.7124196688989017), ('development issue', 1.6863508520138422), ('material issue', 1.5567468891209728), ('task force', 1.3606749187013794), ('low carbon', 1.2665718842845417), ('emission scope', 1.2079395489890639)]"
Ninetyone,"[('long term', 2.276571736092795), ('approach sustainability', 2.1525928827418532), ('scope emission', 2.0618499103150936), ('carbon emission', 1.780705206322418), ('paris agreement', 1.7374937517004325), ('sustainability strategy', 1.4308939531073903), ('sustainable development', 1.4249626605357193), ('climate action', 1.3115668745151914), ('local community', 1.2787076103697614), ('sustainability framework', 1.2688354130988955)]"
AXAAM,"[('carbon emission', 3.967001909257504), ('paris agreement', 3.650596049188506), ('carbon intensity', 3.48972026886582), ('low carbon', 3.1268847151313164), ('long term', 2.9765344910371327), ('green social', 2.9374667502907297), ('climate biodiversity', 2.6023261020812414), ('green share', 2.5058665180445425), ('carbon footprint', 2.4869272666237374), ('climate risk', 2.1429930264085444)]"
HSBCAM,"[('esg issue', 3.6984113471831144), ('corporate governance', 3.0586421021009014), ('carbon intensity', 3.0222151434768496), ('climate relate', 2.9024626018179864), ('low carbon', 2.870684880694761), ('corporate non', 2.1344788442469884), ('green bond', 1.9998902147029554), ('risk opportunity', 1.825124499398398), ('corporate corporate', 1.7930538686279363), ('esg factor', 1.7869621105519298)]"
Invesco,"[('corporate responsibility', 7.520658467645138), ('long term', 4.193187420580713), ('carbon dioxide', 3.827394966502313), ('greenhouse gas', 3.7751131088355754), ('iso certify', 3.5250962809454247), ('business travel', 3.1846670964231563), ('environmental impact', 2.90718687631379), ('certify facility', 2.822786120539281), ('dioxide emission', 2.7228659261043897), ('gas emission', 2.6552429504565516)]"
Natixis,"[('environmental social', 0.546753096506937), ('social governance', 0.546753096506937), ('sustainable development', 0.4727639037214453), ('esg provide', 0.447213595499958), ('globally esg', 0.447213595499958), ('layer risk', 0.447213595499958), ('provide layer', 0.447213595499958), ('risk client', 0.447213595499958), ('esg environmental', 0.3853806145029109), ('esg invest', 0.3853806145029109)]"
Wellington,"[('long term', 1.5275530182488932), ('sustainable investing', 1.3149948040502082), ('climate risk', 1.2620635757470904), ('renewable energy', 1.1561381341626213), ('primary topic', 1.0222905415432408), ('material provide', 0.9044536590241654), ('provide use', 0.9044536590241654), ('social environmental', 0.9025635879020311), ('risk opportunity', 0.8844507451443248), ('accept material', 0.8811804112428311)]"
Mellon,"[('enterprise esg', 9.731238046131095), ('disclosure response', 3.4113084262371354), ('esg governance', 2.452609192312298), ('esg enterprise', 2.4507227338395636), ('environmental sustainability', 2.300716032199727), ('approach disclosure', 2.278350694089992), ('corporate governance', 2.0364902091889876), ('energy consumption', 1.944562247276628), ('greenhouse gas', 1.9211419992252114), ('environmental social', 1.8465081124839955)]"
CICC,"[('materiality assessment', 5.584656780457555), ('topic material', 5.194484446518922), ('assessment result', 4.861802140536039), ('result topic', 4.861802140536039), ('energy consumption', 2.270762031593542), ('carbon neutrality', 1.9036267074187962), ('scope emission', 1.8824699024349711), ('material issue', 1.7095183445749544), ('issue shares', 1.7082454413694037), ('sustainable development', 1.5061313390898179)]"
CITICCapital,"[('mini station', 0.5773502691896258), ('set mini', 0.5773502691896258), ('station neighborhood', 0.5773502691896258), ('air quality', 0.5), ('improve air', 0.5), ('plant improve', 0.5), ('space plant', 0.5), ('environmental protection', 0.46227165096678946), ('environmental social', 0.4458971384753368), ('common area', 0.43964812238868956)]"
Deutsche,"[('sustainable finance', 2.4069543157417956), ('environmental social', 1.7792500686815451), ('economic activity', 1.4209646303365828), ('finance framework', 1.3169876326109444), ('low carbon', 0.9859545594773896), ('sustainable development', 0.9765602547823046), ('classification sustainable', 0.9470511131376705), ('eligibility criterion', 0.7906002738656877), ('social diligence', 0.7737492708291582), ('socially sustainable', 0.7653159947147099)]"
Insight,"[('impact bond', 2.540391757973486), ('fix income', 2.037248807964038), ('practice responsible', 2.0349844978537837), ('principles practice', 1.8693596884089723), ('esg issue', 1.41915387414227), ('responsible approach', 1.3255321367852182), ('esg risk', 1.3181119497356373), ('collaborative initiative', 1.0459039426598422), ('environmental social', 1.0137306105494879), ('climate risk', 0.9720485342933864)]"
BNP,"[('sustainable economy', 2.027309173587111), ('sustainable finance', 1.9073255191366731), ('sustainable development', 1.6781653990589094), ('long term', 1.6055981142106845), ('positive impact', 1.553097173967096), ('accelerate transition', 1.4750347232476035), ('transition sustainable', 1.4369970574335926), ('development goals', 1.4341878144618065), ('goals sdgs', 1.4341878144618065), ('environmental social', 1.4240729064311395)]"
Fisch,"[('segregated mandate', 0.6324555320336759), ('convertible sustainable', 0.6322950117431827), ('sustainable invest', 0.5878405693830646), ('sustainability sustainability', 0.5773502691896257), ('business german', 0.4472135954999579), ('german speak', 0.4472135954999579), ('increasingly market', 0.4472135954999579), ('speak increasingly', 0.4472135954999579), ('start business', 0.4472135954999579), ('adjacent platform', 0.35355339059327373)]"
Fullerton,"[('esg team', 0.9275558861486697), ('philosophy principles', 0.679226886091809), ('governance corporate', 0.5733680376124024), ('environmental impact', 0.5547001962252291), ('principles mission', 0.5186906109252539), ('principles beliefs', 0.4955718869292809), ('sustainability principles', 0.4955718869292809), ('sustainability risk', 0.4820399122655293), ('committee regularly', 0.4658858307248743), ('corporate initiative', 0.4658858307248743)]"
UOBAM,"[('sustainable investing', 0.5784148041849687), ('materiality map', 0.5773502691896257), ('sustainable framework', 0.5163977794943222), ('long term', 0.4637493840607569), ('corporate sustainability', 0.36782435394484353), ('basis regulatory', 0.3635743981351194), ('continuously monitor', 0.3635743981351194), ('impact sustainable', 0.3635743981351194), ('landscape impact', 0.3635743981351194), ('monitor regional', 0.3635743981351194)]"
GOLDMAN,"[('climate transition', 3.272363541161347), ('inclusive growth', 2.582540388630509), ('transition inclusive', 2.3768786404676603), ('supply chain', 2.047321497462249), ('environmental social', 1.986884346209536), ('sustainable finance', 1.9703853692815234), ('renewable energy', 1.7066361594688446), ('clean energy', 1.6382705329476095), ('long term', 1.5841412927672809), ('business waste', 1.332985501423713)]"
PGIM,"[('diversion rate', 3.0409797054183287), ('use intensity', 3.013749272874719), ('affordable housing', 2.288051721346662), ('energy water', 2.235641711835749), ('data coverage', 2.0960701921138503), ('green building', 2.0383141509318365), ('intensity diversion', 2.0224334748890085), ('energy use', 1.7863005590210979), ('emissions intensity', 1.6517518058852512), ('total ghg', 1.6517518058852512)]"
SMTH,"[('environmental social', 8.70712675326633), ('positive impact', 6.310358186944813), ('human right', 5.833785407707554), ('social issue', 4.732967159598779), ('supply chain', 4.4768615619928145), ('long term', 4.426508110715911), ('renewable energy', 4.419753552763772), ('impact finance', 4.2999883632232345), ('power generation', 4.299884550988343), ('negative impact', 4.1436820908973555)]"
DaiichiLife,"[('material issues', 14.79163279225916), ('social responsibility', 11.202028943914367), ('human right', 10.520801521913386), ('social issue', 9.7096430271825), ('sustainable society', 9.343433353773303), ('corporate governance', 9.10667770112569), ('sustainability data', 8.82871924394568), ('material issue', 8.579021407852684), ('sustainable development', 8.321197546329975), ('identify material', 6.862793961328979)]"
TokioMarine,"[('natural disaster', 23.72279688056969), ('human right', 17.018874391538215), ('local community', 15.45041226816095), ('mangrove planting', 15.343301267377507), ('business activity', 14.879335302271695), ('promote initiative', 14.840137170464768), ('power generation', 14.377944387642502), ('disaster risk', 12.106188329314131), ('human rights', 11.99456881096427), ('corporate philosophy', 11.695278753085358)]"
PingAn,"[('sustainable development', 13.34202825348922), ('carbon emission', 10.889109466026124), ('climate risk', 10.88612981164532), ('environmental protection', 7.495051416207628), ('low carbon', 7.323330835315267), ('green building', 6.323949875753529), ('corporate governance', 5.63410787065411), ('social responsibility', 5.476196671217827), ('risk disclosure', 5.212556313912668), ('environmental social', 4.935399041581792)]"
Kyobo,"[('coal phase', 2.971770563610454), ('phase finance', 2.971770563610454), ('social responsibility', 2.854138721241085), ('human right', 2.771064241216964), ('eco friendly', 2.4967253555053612), ('local community', 2.2722811842850024), ('corporate governance', 2.2496937520270532), ('major issue', 2.209445239341244), ('stakeholder engagement', 1.9887034128498968), ('join cdp', 1.9072586932725297)]"
AXA,"[('corporate governance', 15.01339751330115), ('corporate responsibility', 12.877536422661374), ('climate biodiversity', 12.451064443841316), ('paris agreement', 9.929615933857587), ('climate relate', 9.296861001722863), ('business travel', 8.990121186485023), ('carbon emission', 8.988094072862593), ('human right', 8.334875005956665), ('long term', 7.710151230416705), ('low carbon', 7.07114169953055)]"
FWD,"[('environmentally responsible', 1.463240168463059), ('socially environmentally', 1.463240168463059), ('human right', 0.8183764595088203), ('esg integration', 0.7063520481965372), ('long term', 0.7063520481965372), ('mobilise long', 0.7063520481965372), ('return esg', 0.7063520481965372), ('sustainable mobilise', 0.7063520481965372), ('sustainable return', 0.7063520481965372), ('term sustainable', 0.7063520481965372)]"
SunLife,"[('corporate governance', 9.179801100201006), ('result corporate', 6.1519926709052015), ('matters principle', 6.0567008005855945), ('toll manufacturer', 4.942877339000956), ('key performance', 4.3024608554510815), ('governance matters', 3.979184045304833), ('environmental social', 3.8412911293971352), ('renewable energy', 3.7603904886332558), ('human right', 3.6125234842201626), ('climate environment', 3.579065023783772)]"
MeijiYasuda,"[('self evaluation', 2.340982640571675), ('issue identify', 2.0561343717675578), ('esg financing', 1.3703453889048898), ('sustainable society', 1.2256739027381338), ('development goals', 1.0865125148947297), ('rebuild platform', 1.0839779574898765), ('priority issue', 1.0714944458121196), ('identify course', 1.065462109344627), ('address issue', 1.0025152514499036), ('social customers', 1.0)]"
Fukoku,"[('building area', 1.1547005383792515), ('hold property', 1.1547005383792515), ('property building', 1.1547005383792515), ('corporate governance', 0.9234285230910091), ('land use', 0.8944271909999159), ('operation revaluation', 0.8944271909999159), ('revaluation land', 0.8944271909999159), ('revalue land', 0.8944271909999159), ('use operation', 0.8944271909999159), ('bamboo forest', 0.6140842962974384)]"
Cathay,"[('environmental social', 2.022967676944696), ('corporate sustainability', 1.8008898500019697), ('esg risk', 1.3815803187063649), ('low carbon', 1.2597926093316325), ('social risk', 1.074429036290016), ('society health', 0.9998347916958891), ('human right', 0.9825456633555905), ('promote sustainability', 0.850818115518895), ('esg integration', 0.8478485878788617), ('environment society', 0.7937691180354205)]"
NanShanLife,"[('sustainable development', 1.799906494116811), ('social responsibility', 1.5911592587181376), ('major issue', 1.5579835451049995), ('environmental sustainability', 1.4895929409323743), ('corporate governance', 1.3820496834078693), ('energy saving', 1.3738957745657376), ('low carbon', 1.3734316703603782), ('greenhouse gas', 1.3560213465208955), ('corporate social', 1.2494456105544398), ('carbon reduction', 1.2167693550278793)]"
TaiwanLife,"[('corporate governance', 2.9010030610872755), ('corporate sustainability', 1.596714322225884), ('environmental sustainability', 1.431743674169644), ('sustainable development', 1.1479513220912223), ('social responsibility', 1.010982994843946), ('offshore wind', 0.8068095941702949), ('environmental social', 0.7559355717787273), ('chapter focus', 0.7535184354251516), ('focus sustainable', 0.7535184354251516), ('organizational structure', 0.7458161304253751)]"
AIA,"[('hkse guide', 6.854415434453066), ('effective governance', 6.666169148122315), ('green operations', 5.752475230422064), ('health wellness', 5.4150936567038395), ('statement president', 5.282025282792731), ('esg issue', 5.159113076426624), ('energy consumption', 5.063042626662628), ('people culture', 5.0184393111255305), ('statement statement', 5.01488250674396), ('esg glance', 4.950096925631247)]"
ShinKong,"[('social responsibility', 6.766818436365049), ('corporate governance', 6.450877156811967), ('human right', 6.204081988200567), ('environmental protection', 5.82347725687725), ('corporate social', 5.77647561996175), ('corporate sustainability', 5.699334295148158), ('carbon emission', 5.199425862272855), ('sustainable development', 4.809253483019343), ('environmental social', 4.648274297082163), ('greenhouse gas', 4.620587397911585)]"
JapanPost,"[('esg csr', 2.330186704270168), ('environmental impact', 1.871810109623159), ('reduce environmental', 1.871810109623159), ('social issue', 1.4933904637699111), ('solve social', 1.2751750020335715), ('energy usage', 1.2728832008167705), ('business activity', 1.2670532188239594), ('usage unit', 1.1544735310977923), ('sustainable society', 1.1263794386941703), ('corporate planning', 1.1055607571858663)]"
Prudential,"[('impact climate', 6.190527322107931), ('stewarde human', 6.009273109399171), ('responsible business', 5.974261797724089), ('good governance', 5.749255006160314), ('governance responsible', 5.749255006160314), ('human impact', 5.748387305369345), ('business practice', 5.573502079815959), ('build social', 5.355696220511967), ('community engagement', 5.343003932195652), ('environmental social', 5.187279449654539)]"
KBFG,"[('corporate governance', 7.956871197202129), ('carbon emission', 7.422143150569123), ('human right', 6.829627869578355), ('social responsibility', 6.408740165840864), ('ghg emission', 6.039631249033742), ('renewable energy', 5.35547872571467), ('human rights', 5.354020823658211), ('environmental social', 4.900966362066834), ('power generation', 4.571209641501562), ('solar power', 4.326991303083461)]"
NipponLife,"[('corporate governance', 6.021817800928398), ('community society', 2.7383500251568966), ('long term', 1.9409492938165094), ('sustainable society', 1.882702411660602), ('specific strategy', 1.7813237335978345), ('human resource', 1.727104303795541), ('esg finance', 1.5189144919796669), ('strategy promotion', 1.4026012674636397), ('resource development', 1.3457355964096325), ('basic policy', 1.2213325896478437)]"
DGB,"[('eco friendly', 1.9089593874405397), ('human right', 1.8783668070604433), ('social responsibility', 1.7311053557066405), ('climate relate', 1.6301960281941974), ('material issue', 1.613071354173256), ('sustainable development', 1.482160239420309), ('local community', 1.475412954995708), ('risk opportunity', 1.407338324402027), ('anti corruption', 1.375699416554197), ('sustainable committee', 1.3568571177735833)]"
AsahiMutual,"[('corporate governance', 1.3938179976815552), ('building area', 1.0), ('hold property', 1.0), ('properties hold', 1.0), ('property building', 1.0), ('contribute society', 0.9967071235806831), ('continue customer', 0.8867568424264342), ('customer choice', 0.8867568424264342), ('society continue', 0.8867568424264342), ('governance structure', 0.8282716714668398)]"
AP2,"[('corporate governance', 20.55569891962907), ('sustainable development', 14.828233825204633), ('sustainability work', 11.10865539213777), ('carbon emission', 11.107957103457716), ('development goals', 10.928555343242845), ('long term', 8.579387861832283), ('carbon footprint', 8.349507794853459), ('paris agreement', 8.22299421033753), ('climate risk', 8.01653129940561), ('carbon dioxide', 7.988907426071577)]"
LPF,"[('social responsibility', 4.51411601635663), ('corporate social', 2.6313828596883835), ('energy conservation', 1.6826288001981298), ('responsibility csr', 1.4448246572211123), ('socially responsible', 1.4377766583227527), ('environmental social', 1.389655303304338), ('administration ministry', 1.3531438045251676), ('branch property', 1.3531438045251676), ('ministry finance', 1.3531438045251676), ('northern branch', 1.3531438045251676)]"
AP3,"[('green bond', 7.293048207418688), ('carbon footprint', 6.750588166998012), ('long term', 6.47765622104794), ('sustainability goal', 6.343694422420481), ('climate impact', 6.082913634666534), ('climate relate', 5.970647481142082), ('approach evaluation', 5.039267121681049), ('explanation materiality', 4.915623729413719), ('materiality topic', 4.915623729413719), ('evaluation approach', 4.749480794403234)]"
CPP,"[('climate relate', 17.2833285107753), ('sustainable investing', 16.295095392653568), ('long term', 14.639159033253197), ('risk opportunity', 13.629584492660001), ('relate risk', 9.70768464146493), ('task force', 9.435973739362868), ('cppib sustainable', 7.423527801072694), ('corporate governance', 7.273261540285666), ('collaborative engagement', 6.597189633819135), ('human right', 6.294094130456322)]"
NPF,"[('corporate governance', 3.7910392503422403), ('responsible governance', 2.784480640695825), ('environmental social', 2.2865614376536465), ('stewardship activity', 2.0345550351866857), ('esg evaluation', 1.955222561079497), ('social governance', 1.9181742634501961), ('stewardship code', 1.715052434394237), ('long term', 1.4801711092791277), ('governance principles', 1.4402259712142373), ('affect corporate', 1.4368745565357295)]"
AP1,"[('long term', 5.734781891715417), ('carbon footprint', 5.120202847528543), ('sustainable development', 3.81770492015267), ('carbon emission', 3.57470916618915), ('sustainable creation', 3.2700125816278542), ('development goals', 3.1576143919284907), ('sustainability strategy', 2.6661489402777487), ('term approach', 2.6644444882094427), ('sustainability issue', 2.4401085179550392), ('paris agreement', 2.389202066213924)]"
GPIF,"[('greenhouse gas', 4.001816433244675), ('gas emission', 3.309077773415048), ('corporate governance', 2.7545985327679507), ('long term', 2.560037669478958), ('climate relate', 2.3695947401680746), ('esg evaluation', 2.1061423928521408), ('bond portfolio', 2.0162735590744596), ('climate risk', 1.8744850712432743), ('carbon intensity', 1.7908593554198806), ('patent score', 1.5737978645531565)]"
FF,"[('corporate governance', 10.099994321800288), ('long term', 6.849971161095125), ('good practice', 6.269881356206551), ('performance fee', 5.137861519628748), ('environmental social', 5.082424201747506), ('energy water', 4.793622926856286), ('practice institutional', 4.656690028274517), ('approach corporate', 4.51050672419341), ('determine approach', 4.51050672419341), ('governance principle', 4.51050672419341)]"
AP4,"[('long term', 11.387240329981307), ('climate environment', 10.086685919666701), ('corporate governance', 9.887424399470373), ('focus area', 8.324333301461444), ('climate transition', 7.062452231427741), ('paris agreement', 6.460305170571194), ('fossil fuel', 6.0610687355527535), ('climate risk', 5.952094539328946), ('low carbon', 5.926370076476709), ('sustainable development', 5.797651616974387)]"
GPF,"[('corporate governance', 19.086524527658664), ('environmental social', 17.514688505879874), ('long term', 16.265884590647556), ('human right', 15.603949759060939), ('social governance', 11.691092403292757), ('greenhouse gas', 11.478335722862347), ('supply chain', 11.463331058069977), ('gas emission', 11.239086221388085), ('oil gas', 9.883624142530934), ('child right', 8.876785555858687)]"
NZSF,"[('fossil fuel', 5.167669714150299), ('fuel reserve', 4.642629256509689), ('evolving approach', 4.469075846868763), ('contents purpose', 4.141214537025211), ('governance strategy', 4.141214537025211), ('risk evolving', 4.141214537025211), ('purpose governance', 4.062385041893935), ('strategy risk', 4.062385041893935), ('emission intensity', 4.039538240304647), ('climate contents', 3.785716319349642)]"
FDC,"[('energy mix', 3.360059888780088), ('greenhouse gas', 3.1723782788420856), ('renewable energy', 3.1506637410828118), ('carbon intensity', 3.0777997669471424), ('revenue generate', 2.968725163334493), ('green bond', 2.654408841274635), ('bond portfolio', 2.633199452025652), ('carbon emission', 2.3950435701463793), ('fossil fuel', 2.3623726025691543), ('gas emission', 2.29184101557625)]"
ISIF,"[('long term', 2.0403731203204085), ('environmental social', 1.3705695634375945), ('esg issue', 1.3293929425174205), ('irish economy', 1.2440727079969516), ('governance esg', 1.2003318974375534), ('responsible pri', 1.1812955516174122), ('corporate governance', 1.0658498849194178), ('low carbon', 1.0589713808562813), ('social governance', 1.0448787788333371), ('carbon economy', 0.997096426397734)]"
AP7,"[('corporate governance', 13.757285230440884), ('paris agreement', 13.69591225002866), ('human right', 11.277192310631941), ('sustainable development', 7.2338351817698126), ('corporate climate', 5.775962988550931), ('right connection', 5.41574509225994), ('conict paris', 5.330420809530335), ('environmental norm', 5.231987199594933), ('climate impact', 5.127314418535698), ('climate lobbying', 5.098168804861089)]"
GEPF,"[('corporate governance', 2.6709602530647407), ('contingency reserve', 2.1729369330095865), ('set contingency', 2.1729369330095865), ('renewable energy', 2.075755932408133), ('good corporate', 2.0738981203957043), ('good practice', 1.95888158294269), ('sustainable development', 1.6842646942858424), ('affordable ideally', 1.6707464539821637), ('basis affordable', 1.6707464539821637), ('conservative basis', 1.6707464539821637)]"
KWSP_EPF,"[('corporate governance', 2.0908707929500836), ('long term', 1.607621916077072), ('human talent', 1.3241952327411068), ('talent development', 1.3241952327411068), ('anti corruption', 1.3093703351023935), ('internal control', 1.2981447387442935), ('kwasa damansara', 1.2305772106537496), ('good practice', 1.1042601624203165), ('addition responsible', 1.0737086707651673), ('affair human', 1.0737086707651673)]"
